{"location":[13.717198986553047,100.48277914523779],"central_pin":[13.7783,100.4764]}